"","V1","V2","V3","V4","V5","V6","V7","V8","V9","V10","V11","V12","V13","V14","V15","V16","V17","V18","V19","V20","V21","V22","V23","V24","V25","V26","V27","V28","V29","V30","V31","V32","V33","Label"
"1","SRR3935519","RNA-Seq","128","310149793","PRJNA330719","SAMN05422975","120421451","Immune cell","GEO","public","sra,fastq","s3","s3.us-east-1","glioblastoma","SRX1964811","GSM2244615","NextSeq 500","PAIRED","cDNA","TRANSCRIPTOMIC","Regular","Homo sapiens","BT_S1","1001000010","ILLUMINA","2017-11-02T00:00:00Z","GSM2244615","Microglia(CD45)","Brain","SRP079058","Periphery","8","C1",2
"2","SRR3935520","RNA-Seq","128","305943130","PRJNA330719","SAMN05422977","118885804","Immune cell","GEO","public","fastq,sra","s3","s3.us-east-1","glioblastoma","SRX1964812","GSM2244616","NextSeq 500","PAIRED","cDNA","TRANSCRIPTOMIC","Regular","Homo sapiens","BT_S1","1001000010","ILLUMINA","2017-11-02T00:00:00Z","GSM2244616","Microglia(CD45)","Brain","SRP079058","Periphery","8","C8",3
"3","SRR3935521","RNA-Seq","128","338150832","PRJNA330719","SAMN05422979","132633728","Immune cell","GEO","public","sra,fastq","s3","s3.us-east-1","glioblastoma","SRX1964813","GSM2244617","NextSeq 500","PAIRED","cDNA","TRANSCRIPTOMIC","Regular","Homo sapiens","BT_S1","1001000010","ILLUMINA","2017-11-02T00:00:00Z","GSM2244617","Microglia(CD45)","Brain","SRP079058","Periphery","8","G3",1
"4","SRR3935522","RNA-Seq","128","329547491","PRJNA330719","SAMN05422981","129184480","Immune cell","GEO","public","sra,fastq","s3","s3.us-east-1","glioblastoma","SRX1964814","GSM2244618","NextSeq 500","PAIRED","cDNA","TRANSCRIPTOMIC","Regular","Homo sapiens","BT_S1","1001000010","ILLUMINA","2017-11-02T00:00:00Z","GSM2244618","Microglia(CD45)","Brain","SRP079058","Periphery","8","H3",3
"5","SRR3935523","RNA-Seq","128","313600971","PRJNA330719","SAMN05422983","122731379","Immune cell","GEO","public","fastq,sra","s3","s3.us-east-1","glioblastoma","SRX1964815","GSM2244619","NextSeq 500","PAIRED","cDNA","TRANSCRIPTOMIC","Regular","Homo sapiens","BT_S1","1001000010","ILLUMINA","2017-11-02T00:00:00Z","GSM2244619","Microglia(CD45)","Brain","SRP079058","Periphery","8","F10",3
"6","SRR3935524","RNA-Seq","128","362677536","PRJNA330719","SAMN05422985","140970094","Immune cell","GEO","public","fastq,sra","s3","s3.us-east-1","glioblastoma","SRX1964816","GSM2244620","NextSeq 500","PAIRED","cDNA","TRANSCRIPTOMIC","Regular","Homo sapiens","BT_S1","1001000010","ILLUMINA","2017-11-02T00:00:00Z","GSM2244620","Microglia(CD45)","Brain","SRP079058","Periphery","7","F7",3
"7","SRR3935525","RNA-Seq","128","264812644","PRJNA330719","SAMN05422988","103220582","Immune cell","GEO","public","sra,fastq","s3","s3.us-east-1","glioblastoma","SRX1964817","GSM2244621","NextSeq 500","PAIRED","cDNA","TRANSCRIPTOMIC","Regular","Homo sapiens","BT_S1","1001000010","ILLUMINA","2017-11-02T00:00:00Z","GSM2244621","Microglia(CD45)","Brain","SRP079058","Periphery","8","E8",3
"8","SRR3935526","RNA-Seq","128","294112581","PRJNA330719","SAMN05422989","112968784","Immune cell","GEO","public","sra,fastq","s3","s3.us-east-1","glioblastoma","SRX1964818","GSM2244622","NextSeq 500","PAIRED","cDNA","TRANSCRIPTOMIC","Regular","Homo sapiens","BT_S1","1001000010","ILLUMINA","2017-11-02T00:00:00Z","GSM2244622","Microglia(CD45)","Brain","SRP079058","Periphery","8","D5",3
"9","SRR3935527","RNA-Seq","128","378510534","PRJNA330719","SAMN05422992","148856330","Immune cell","GEO","public","fastq,sra","s3","s3.us-east-1","glioblastoma","SRX1964819","GSM2244623","NextSeq 500","PAIRED","cDNA","TRANSCRIPTOMIC","Regular","Homo sapiens","BT_S1","1001000010","ILLUMINA","2017-11-02T00:00:00Z","GSM2244623","Microglia(CD45)","Brain","SRP079058","Periphery","8","F8",3
"10","SRR3935529","RNA-Seq","128","320209126","PRJNA330719","SAMN05422995","123979450","Immune cell","GEO","public","sra,fastq","s3","s3.us-east-1","glioblastoma","SRX1964821","GSM2244625","NextSeq 500","PAIRED","cDNA","TRANSCRIPTOMIC","Regular","Homo sapiens","BT_S1","1001000010","ILLUMINA","2017-11-02T00:00:00Z","GSM2244625","Microglia(CD45)","Brain","SRP079058","Periphery","7","B4",1
"11","SRR3935530","RNA-Seq","128","295344653","PRJNA330719","SAMN05422997","115113639","Immune cell","GEO","public","sra,fastq","s3","s3.us-east-1","glioblastoma","SRX1964822","GSM2244626","NextSeq 500","PAIRED","cDNA","TRANSCRIPTOMIC","Regular","Homo sapiens","BT_S1","1001000010","ILLUMINA","2017-11-02T00:00:00Z","GSM2244626","Microglia(CD45)","Brain","SRP079058","Periphery","8","C5",2
"12","SRR3935531","RNA-Seq","128","308991484","PRJNA330719","SAMN05422999","119218749","Immune cell","GEO","public","sra,fastq","s3","s3.us-east-1","glioblastoma","SRX1964823","GSM2244627","NextSeq 500","PAIRED","cDNA","TRANSCRIPTOMIC","Regular","Homo sapiens","BT_S1","1001000010","ILLUMINA","2017-11-02T00:00:00Z","GSM2244627","Microglia(CD45)","Brain","SRP079058","Periphery","7","B5",3
"13","SRR3935532","RNA-Seq","128","283238132","PRJNA330719","SAMN05423001","110192080","Immune cell","GEO","public","fastq,sra","s3","s3.us-east-1","glioblastoma","SRX1964824","GSM2244628","NextSeq 500","PAIRED","cDNA","TRANSCRIPTOMIC","Regular","Homo sapiens","BT_S1","1001000010","ILLUMINA","2017-11-02T00:00:00Z","GSM2244628","Microglia(CD45)","Brain","SRP079058","Periphery","8","F1",3
"14","SRR3935628","RNA-Seq","128","210045826","PRJNA330719","SAMN05423202","79999172","Immune cell","GEO","public","fastq,sra","s3","s3.us-east-1","glioblastoma","SRX1964920","GSM2244724","NextSeq 500","PAIRED","cDNA","TRANSCRIPTOMIC","Regular","Homo sapiens","BT_S1","1001000014","ILLUMINA","2017-11-02T00:00:00Z","GSM2244724","Oligodendrocytes(GC)","Brain","SRP079058","Periphery","7","C3",1
"15","SRR3935637","RNA-Seq","128","282570053","PRJNA330719","SAMN05423213","100841609","Immune cell","GEO","public","sra,fastq","s3","s3.us-east-1","glioblastoma","SRX1964929","GSM2244733","NextSeq 500","PAIRED","cDNA","TRANSCRIPTOMIC","Regular","Homo sapiens","BT_S1","1001000017","ILLUMINA","2017-11-02T00:00:00Z","GSM2244733","Oligodendrocytes(GC)","Brain","SRP079058","Tumor","8","A3",1
"16","SRR3935639","RNA-Seq","128","218989053","PRJNA330719","SAMN05425216","77880377","Immune cell","GEO","public","sra,fastq","s3","s3.us-east-1","glioblastoma","SRX1964931","GSM2244735","NextSeq 500","PAIRED","cDNA","TRANSCRIPTOMIC","Regular","Homo sapiens","BT_S1","1001000017","ILLUMINA","2017-11-02T00:00:00Z","GSM2244735","Oligodendrocytes(GC)","Brain","SRP079058","Tumor","8","A4",1
"17","SRR3935646","RNA-Seq","128","245863923","PRJNA330719","SAMN05425223","86804840","Immune cell","GEO","public","fastq,sra","s3","s3.us-east-1","glioblastoma","SRX1964938","GSM2244742","NextSeq 500","PAIRED","cDNA","TRANSCRIPTOMIC","Regular","Homo sapiens","BT_S1","1001000017","ILLUMINA","2017-11-02T00:00:00Z","GSM2244742","Oligodendrocytes(GC)","Brain","SRP079058","Tumor","7","B7",2
"18","SRR3935658","RNA-Seq","128","260849344","PRJNA330719","SAMN05425289","92807816","Immune cell","GEO","public","sra,fastq","s3","s3.us-east-1","glioblastoma","SRX1964950","GSM2244754","NextSeq 500","PAIRED","cDNA","TRANSCRIPTOMIC","Regular","Homo sapiens","BT_S1","1001000017","ILLUMINA","2017-11-02T00:00:00Z","GSM2244754","Oligodendrocytes(GC)","Brain","SRP079058","Tumor","8","F10",3
"19","SRR3935659","RNA-Seq","127","135361969","PRJNA330719","SAMN05425293","47118621","Immune cell","GEO","public","fastq,sra","s3","s3.us-east-1","glioblastoma","SRX1964951","GSM2244755","NextSeq 500","PAIRED","cDNA","TRANSCRIPTOMIC","Regular","Homo sapiens","BT_S1","1001000017","ILLUMINA","2017-11-02T00:00:00Z","GSM2244755","Oligodendrocytes(GC)","Brain","SRP079058","Tumor","8","E4",1
"20","SRR3935674","RNA-Seq","127","311292584","PRJNA330719","SAMN05425308","117777330","Immune cell","GEO","public","fastq,sra","s3","s3.us-east-1","glioblastoma","SRX1964966","GSM2244770","NextSeq 500","PAIRED","cDNA","TRANSCRIPTOMIC","Regular","Homo sapiens","BT_S1","1001000019","ILLUMINA","2017-11-02T00:00:00Z","GSM2244770","Microglia(CD45)","Brain","SRP079058","Periphery","8","B5",2
"21","SRR3935675","RNA-Seq","127","321101886","PRJNA330719","SAMN05425309","122103131","Immune cell","GEO","public","sra,fastq","s3","s3.us-east-1","glioblastoma","SRX1964967","GSM2244771","NextSeq 500","PAIRED","cDNA","TRANSCRIPTOMIC","Regular","Homo sapiens","BT_S1","1001000019","ILLUMINA","2017-11-02T00:00:00Z","GSM2244771","Microglia(CD45)","Brain","SRP079058","Periphery","8","C6",3
"22","SRR3935676","RNA-Seq","128","321903518","PRJNA330719","SAMN05425310","122072819","Immune cell","GEO","public","fastq,sra","s3","s3.us-east-1","glioblastoma","SRX1964968","GSM2244772","NextSeq 500","PAIRED","cDNA","TRANSCRIPTOMIC","Regular","Homo sapiens","BT_S1","1001000019","ILLUMINA","2017-11-02T00:00:00Z","GSM2244772","Microglia(CD45)","Brain","SRP079058","Periphery","8","C2",3
"23","SRR3935677","RNA-Seq","128","346858761","PRJNA330719","SAMN05425311","130047184","Immune cell","GEO","public","fastq,sra","s3","s3.us-east-1","glioblastoma","SRX1964969","GSM2244773","NextSeq 500","PAIRED","cDNA","TRANSCRIPTOMIC","Regular","Homo sapiens","BT_S1","1001000019","ILLUMINA","2017-11-02T00:00:00Z","GSM2244773","Microglia(CD45)","Brain","SRP079058","Periphery","7","B12",2
"24","SRR3935678","RNA-Seq","128","304746125","PRJNA330719","SAMN05425312","114551066","Immune cell","GEO","public","sra,fastq","s3","s3.us-east-1","glioblastoma","SRX1964970","GSM2244774","NextSeq 500","PAIRED","cDNA","TRANSCRIPTOMIC","Regular","Homo sapiens","BT_S1","1001000019","ILLUMINA","2017-11-02T00:00:00Z","GSM2244774","Microglia(CD45)","Brain","SRP079058","Periphery","8","G9",3
"25","SRR3935679","RNA-Seq","128","322772229","PRJNA330719","SAMN05425313","123497388","Immune cell","GEO","public","fastq,sra","s3","s3.us-east-1","glioblastoma","SRX1964971","GSM2244775","NextSeq 500","PAIRED","cDNA","TRANSCRIPTOMIC","Regular","Homo sapiens","BT_S1","1001000019","ILLUMINA","2017-11-02T00:00:00Z","GSM2244775","Microglia(CD45)","Brain","SRP079058","Periphery","8","F6",2
"26","SRR3935681","RNA-Seq","127","347261544","PRJNA330719","SAMN05425315","132425189","Immune cell","GEO","public","sra,fastq","s3","s3.us-east-1","glioblastoma","SRX1964973","GSM2244777","NextSeq 500","PAIRED","cDNA","TRANSCRIPTOMIC","Regular","Homo sapiens","BT_S1","1001000019","ILLUMINA","2017-11-02T00:00:00Z","GSM2244777","Microglia(CD45)","Brain","SRP079058","Periphery","8","B10",3
"27","SRR3935682","RNA-Seq","128","362069338","PRJNA330719","SAMN05425316","137788139","Immune cell","GEO","public","sra,fastq","s3","s3.us-east-1","glioblastoma","SRX1964974","GSM2244778","NextSeq 500","PAIRED","cDNA","TRANSCRIPTOMIC","Regular","Homo sapiens","BT_S1","1001000019","ILLUMINA","2017-11-02T00:00:00Z","GSM2244778","Microglia(CD45)","Brain","SRP079058","Periphery","8","C1",1
"28","SRR3935683","RNA-Seq","128","293922867","PRJNA330719","SAMN05425317","111795315","Immune cell","GEO","public","fastq,sra","s3","s3.us-east-1","glioblastoma","SRX1964975","GSM2244779","NextSeq 500","PAIRED","cDNA","TRANSCRIPTOMIC","Regular","Homo sapiens","BT_S1","1001000019","ILLUMINA","2017-11-02T00:00:00Z","GSM2244779","Microglia(CD45)","Brain","SRP079058","Periphery","8","A3",3
"29","SRR3935684","RNA-Seq","128","324140578","PRJNA330719","SAMN05425318","122439650","Immune cell","GEO","public","fastq,sra","s3","s3.us-east-1","glioblastoma","SRX1964976","GSM2244780","NextSeq 500","PAIRED","cDNA","TRANSCRIPTOMIC","Regular","Homo sapiens","BT_S1","1001000019","ILLUMINA","2017-11-02T00:00:00Z","GSM2244780","Microglia(CD45)","Brain","SRP079058","Periphery","8","D5",3
"30","SRR3935685","RNA-Seq","127","308792340","PRJNA330719","SAMN05424415","117060546","Immune cell","GEO","public","sra,fastq","s3","s3.us-east-1","glioblastoma","SRX1964977","GSM2244781","NextSeq 500","PAIRED","cDNA","TRANSCRIPTOMIC","Regular","Homo sapiens","BT_S1","1001000019","ILLUMINA","2017-11-02T00:00:00Z","GSM2244781","Microglia(CD45)","Brain","SRP079058","Periphery","8","G12",3
"31","SRR3935709","RNA-Seq","128","234782475","PRJNA330719","SAMN05423239","83120229","Immune cell","GEO","public","sra,fastq","s3","s3.us-east-1","glioblastoma","SRX1965001","GSM2244805","NextSeq 500","PAIRED","cDNA","TRANSCRIPTOMIC","Regular","Homo sapiens","BT_S1","1001000031","ILLUMINA","2017-11-02T00:00:00Z","GSM2244805","Endothelial(BSC)","Brain","SRP079058","Tumor","8","A8",2
"32","SRR3935754","RNA-Seq","128","208747671","PRJNA330719","SAMN05424375","74918142","Immune cell","GEO","public","fastq,sra","s3","s3.us-east-1","glioblastoma","SRX1965046","GSM2244850","NextSeq 500","PAIRED","cDNA","TRANSCRIPTOMIC","Regular","Homo sapiens","BT_S1","1001000031","ILLUMINA","2017-11-02T00:00:00Z","GSM2244850","Endothelial(BSC)","Brain","SRP079058","Tumor","8","F3",2
"33","SRR3935811","RNA-Seq","126","37592131","PRJNA330719","SAMN05423318","14637769","Immune cell","GEO","public","fastq,sra","s3","s3.us-east-1","glioblastoma","SRX1965103","GSM2244907","NextSeq 500","PAIRED","cDNA","TRANSCRIPTOMIC","Regular","Homo sapiens","BT_S1","1001000033","ILLUMINA","2017-11-02T00:00:00Z","GSM2244907","Microglia(CD45)","Brain","SRP079058","Tumor","8","B11",2
"34","SRR3935812","RNA-Seq","128","305215530","PRJNA330719","SAMN05423320","115322545","Immune cell","GEO","public","sra,fastq","s3","s3.us-east-1","glioblastoma","SRX1965104","GSM2244908","NextSeq 500","PAIRED","cDNA","TRANSCRIPTOMIC","Regular","Homo sapiens","BT_S1","1001000033","ILLUMINA","2017-11-02T00:00:00Z","GSM2244908","Microglia(CD45)","Brain","SRP079058","Tumor","8","A11",1
"35","SRR3935813","RNA-Seq","128","274782230","PRJNA330719","SAMN05423321","104464586","Immune cell","GEO","public","fastq,sra","s3","s3.us-east-1","glioblastoma","SRX1965105","GSM2244909","NextSeq 500","PAIRED","cDNA","TRANSCRIPTOMIC","Regular","Homo sapiens","BT_S1","1001000033","ILLUMINA","2017-11-02T00:00:00Z","GSM2244909","Microglia(CD45)","Brain","SRP079058","Tumor","8","A5",2
"36","SRR3935815","RNA-Seq","128","315366787","PRJNA330719","SAMN05423324","119719186","Immune cell","GEO","public","fastq,sra","s3","s3.us-east-1","glioblastoma","SRX1965107","GSM2244911","NextSeq 500","PAIRED","cDNA","TRANSCRIPTOMIC","Regular","Homo sapiens","BT_S1","1001000033","ILLUMINA","2017-11-02T00:00:00Z","GSM2244911","Microglia(CD45)","Brain","SRP079058","Tumor","8","D12",3
"37","SRR3935816","RNA-Seq","128","313795162","PRJNA330719","SAMN05423326","119173750","Immune cell","GEO","public","fastq,sra","s3","s3.us-east-1","glioblastoma","SRX1965108","GSM2244912","NextSeq 500","PAIRED","cDNA","TRANSCRIPTOMIC","Regular","Homo sapiens","BT_S1","1001000033","ILLUMINA","2017-11-02T00:00:00Z","GSM2244912","Microglia(CD45)","Brain","SRP079058","Tumor","8","E4",2
"38","SRR3935817","RNA-Seq","128","294578556","PRJNA330719","SAMN05423328","111017206","Immune cell","GEO","public","fastq,sra","s3","s3.us-east-1","glioblastoma","SRX1965109","GSM2244913","NextSeq 500","PAIRED","cDNA","TRANSCRIPTOMIC","Regular","Homo sapiens","BT_S1","1001000033","ILLUMINA","2017-11-02T00:00:00Z","GSM2244913","Microglia(CD45)","Brain","SRP079058","Tumor","8","B12",1
"39","SRR3935818","RNA-Seq","128","278588405","PRJNA330719","SAMN05423330","105572743","Immune cell","GEO","public","sra,fastq","s3","s3.us-east-1","glioblastoma","SRX1965110","GSM2244914","NextSeq 500","PAIRED","cDNA","TRANSCRIPTOMIC","Regular","Homo sapiens","BT_S1","1001000033","ILLUMINA","2017-11-02T00:00:00Z","GSM2244914","Microglia(CD45)","Brain","SRP079058","Tumor","8","E10",2
"40","SRR3935819","RNA-Seq","128","289996129","PRJNA330719","SAMN05423332","110923509","Immune cell","GEO","public","sra,fastq","s3","s3.us-east-1","glioblastoma","SRX1965111","GSM2244915","NextSeq 500","PAIRED","cDNA","TRANSCRIPTOMIC","Regular","Homo sapiens","BT_S1","1001000033","ILLUMINA","2017-11-02T00:00:00Z","GSM2244915","Microglia(CD45)","Brain","SRP079058","Tumor","8","F6",1
"41","SRR3935820","RNA-Seq","128","232542674","PRJNA330719","SAMN05423334","88082589","Immune cell","GEO","public","fastq,sra","s3","s3.us-east-1","glioblastoma","SRX1965112","GSM2244916","NextSeq 500","PAIRED","cDNA","TRANSCRIPTOMIC","Regular","Homo sapiens","BT_S1","1001000033","ILLUMINA","2017-11-02T00:00:00Z","GSM2244916","Microglia(CD45)","Brain","SRP079058","Tumor","8","E8",2
"42","SRR3935821","RNA-Seq","128","296177627","PRJNA330719","SAMN05423336","111582091","Immune cell","GEO","public","fastq,sra","s3","s3.us-east-1","glioblastoma","SRX1965113","GSM2244917","NextSeq 500","PAIRED","cDNA","TRANSCRIPTOMIC","Regular","Homo sapiens","BT_S1","1001000033","ILLUMINA","2017-11-02T00:00:00Z","GSM2244917","Microglia(CD45)","Brain","SRP079058","Tumor","8","C12",1
"43","SRR3935822","RNA-Seq","128","334398927","PRJNA330719","SAMN05423338","127000541","Immune cell","GEO","public","fastq,sra","s3","s3.us-east-1","glioblastoma","SRX1965114","GSM2244918","NextSeq 500","PAIRED","cDNA","TRANSCRIPTOMIC","Regular","Homo sapiens","BT_S1","1001000033","ILLUMINA","2017-11-02T00:00:00Z","GSM2244918","Microglia(CD45)","Brain","SRP079058","Tumor","8","E5",2
"44","SRR3935823","RNA-Seq","128","269719851","PRJNA330719","SAMN05423341","102505865","Immune cell","GEO","public","sra,fastq","s3","s3.us-east-1","glioblastoma","SRX1965115","GSM2244919","NextSeq 500","PAIRED","cDNA","TRANSCRIPTOMIC","Regular","Homo sapiens","BT_S1","1001000033","ILLUMINA","2017-11-02T00:00:00Z","GSM2244919","Microglia(CD45)","Brain","SRP079058","Tumor","8","A6",1
"45","SRR3935824","RNA-Seq","128","307320248","PRJNA330719","SAMN05423343","117984078","Immune cell","GEO","public","sra,fastq","s3","s3.us-east-1","glioblastoma","SRX1965116","GSM2244920","NextSeq 500","PAIRED","cDNA","TRANSCRIPTOMIC","Regular","Homo sapiens","BT_S1","1001000033","ILLUMINA","2017-11-02T00:00:00Z","GSM2244920","Microglia(CD45)","Brain","SRP079058","Tumor","8","C10",2
"46","SRR3935825","RNA-Seq","128","293326449","PRJNA330719","SAMN05423345","111613303","Immune cell","GEO","public","fastq,sra","s3","s3.us-east-1","glioblastoma","SRX1965117","GSM2244921","NextSeq 500","PAIRED","cDNA","TRANSCRIPTOMIC","Regular","Homo sapiens","BT_S1","1001000033","ILLUMINA","2017-11-02T00:00:00Z","GSM2244921","Microglia(CD45)","Brain","SRP079058","Tumor","8","F7",2
"47","SRR3935826","RNA-Seq","128","306926478","PRJNA330719","SAMN05423348","115679122","Immune cell","GEO","public","fastq,sra","s3","s3.us-east-1","glioblastoma","SRX1965118","GSM2244922","NextSeq 500","PAIRED","cDNA","TRANSCRIPTOMIC","Regular","Homo sapiens","BT_S1","1001000033","ILLUMINA","2017-11-02T00:00:00Z","GSM2244922","Microglia(CD45)","Brain","SRP079058","Tumor","8","A4",2
"48","SRR3935827","RNA-Seq","128","272318927","PRJNA330719","SAMN05423349","102958718","Immune cell","GEO","public","fastq,sra","s3","s3.us-east-1","glioblastoma","SRX1965119","GSM2244923","NextSeq 500","PAIRED","cDNA","TRANSCRIPTOMIC","Regular","Homo sapiens","BT_S1","1001000033","ILLUMINA","2017-11-02T00:00:00Z","GSM2244923","Microglia(CD45)","Brain","SRP079058","Tumor","8","F11",2
"49","SRR3935828","RNA-Seq","128","331362434","PRJNA330719","SAMN05423351","125592147","Immune cell","GEO","public","fastq,sra","s3","s3.us-east-1","glioblastoma","SRX1965120","GSM2244924","NextSeq 500","PAIRED","cDNA","TRANSCRIPTOMIC","Regular","Homo sapiens","BT_S1","1001000033","ILLUMINA","2017-11-02T00:00:00Z","GSM2244924","Microglia(CD45)","Brain","SRP079058","Tumor","8","E6",1
"50","SRR3935829","RNA-Seq","128","320898033","PRJNA330719","SAMN05423353","122787034","Immune cell","GEO","public","sra,fastq","s3","s3.us-east-1","glioblastoma","SRX1965121","GSM2244925","NextSeq 500","PAIRED","cDNA","TRANSCRIPTOMIC","Regular","Homo sapiens","BT_S1","1001000033","ILLUMINA","2017-11-02T00:00:00Z","GSM2244925","Microglia(CD45)","Brain","SRP079058","Tumor","8","A7",3
"51","SRR3935830","RNA-Seq","128","297604096","PRJNA330719","SAMN05423355","111208256","Immune cell","GEO","public","fastq,sra","s3","s3.us-east-1","glioblastoma","SRX1965122","GSM2244926","NextSeq 500","PAIRED","cDNA","TRANSCRIPTOMIC","Regular","Homo sapiens","BT_S1","1001000033","ILLUMINA","2017-11-02T00:00:00Z","GSM2244926","Microglia(CD45)","Brain","SRP079058","Tumor","8","D9",2
"52","SRR3935831","RNA-Seq","128","248829078","PRJNA330719","SAMN05423357","95504870","Immune cell","GEO","public","fastq,sra","s3","s3.us-east-1","glioblastoma","SRX1965123","GSM2244927","NextSeq 500","PAIRED","cDNA","TRANSCRIPTOMIC","Regular","Homo sapiens","BT_S1","1001000033","ILLUMINA","2017-11-02T00:00:00Z","GSM2244927","Microglia(CD45)","Brain","SRP079058","Tumor","8","C5",1
"53","SRR3935832","RNA-Seq","128","262780667","PRJNA330719","SAMN05423359","100263341","Immune cell","GEO","public","sra,fastq","s3","s3.us-east-1","glioblastoma","SRX1965124","GSM2244928","NextSeq 500","PAIRED","cDNA","TRANSCRIPTOMIC","Regular","Homo sapiens","BT_S1","1001000033","ILLUMINA","2017-11-02T00:00:00Z","GSM2244928","Microglia(CD45)","Brain","SRP079058","Tumor","8","B5",1
"54","SRR3935833","RNA-Seq","128","398772057","PRJNA330719","SAMN05423361","151775217","Immune cell","GEO","public","fastq,sra","s3","s3.us-east-1","glioblastoma","SRX1965125","GSM2244929","NextSeq 500","PAIRED","cDNA","TRANSCRIPTOMIC","Regular","Homo sapiens","BT_S1","1001000033","ILLUMINA","2017-11-02T00:00:00Z","GSM2244929","Microglia(CD45)","Brain","SRP079058","Tumor","8","B3",2
"55","SRR3935834","RNA-Seq","128","324837432","PRJNA330719","SAMN05423363","123625901","Immune cell","GEO","public","sra,fastq","s3","s3.us-east-1","glioblastoma","SRX1965126","GSM2244930","NextSeq 500","PAIRED","cDNA","TRANSCRIPTOMIC","Regular","Homo sapiens","BT_S1","1001000033","ILLUMINA","2017-11-02T00:00:00Z","GSM2244930","Microglia(CD45)","Brain","SRP079058","Tumor","8","G11",2
"56","SRR3935835","RNA-Seq","128","298074115","PRJNA330719","SAMN05423252","114086681","Immune cell","GEO","public","sra,fastq","s3","s3.us-east-1","glioblastoma","SRX1965127","GSM2244931","NextSeq 500","PAIRED","cDNA","TRANSCRIPTOMIC","Regular","Homo sapiens","BT_S1","1001000033","ILLUMINA","2017-11-02T00:00:00Z","GSM2244931","Microglia(CD45)","Brain","SRP079058","Tumor","8","D8",1
"57","SRR3935836","RNA-Seq","128","397254597","PRJNA330719","SAMN05423254","149763316","Immune cell","GEO","public","sra,fastq","s3","s3.us-east-1","glioblastoma","SRX1965128","GSM2244932","NextSeq 500","PAIRED","cDNA","TRANSCRIPTOMIC","Regular","Homo sapiens","BT_S1","1001000033","ILLUMINA","2017-11-02T00:00:00Z","GSM2244932","Microglia(CD45)","Brain","SRP079058","Tumor","8","E2",2
"58","SRR3935837","RNA-Seq","128","314845118","PRJNA330719","SAMN05423256","119299861","Immune cell","GEO","public","fastq,sra","s3","s3.us-east-1","glioblastoma","SRX1965129","GSM2244933","NextSeq 500","PAIRED","cDNA","TRANSCRIPTOMIC","Regular","Homo sapiens","BT_S1","1001000033","ILLUMINA","2017-11-02T00:00:00Z","GSM2244933","Microglia(CD45)","Brain","SRP079058","Tumor","7","C7",2
"59","SRR3935838","RNA-Seq","128","276650420","PRJNA330719","SAMN05423258","106092961","Immune cell","GEO","public","fastq,sra","s3","s3.us-east-1","glioblastoma","SRX1965130","GSM2244934","NextSeq 500","PAIRED","cDNA","TRANSCRIPTOMIC","Regular","Homo sapiens","BT_S1","1001000033","ILLUMINA","2017-11-02T00:00:00Z","GSM2244934","Microglia(CD45)","Brain","SRP079058","Tumor","8","C11",2
"60","SRR3935839","RNA-Seq","128","179290619","PRJNA330719","SAMN05423259","74223423","Immune cell","GEO","public","sra,fastq","s3","s3.us-east-1","glioblastoma","SRX1965131","GSM2244935","NextSeq 500","PAIRED","cDNA","TRANSCRIPTOMIC","Regular","Homo sapiens","BT_S1","1001000033","ILLUMINA","2017-11-02T00:00:00Z","GSM2244935","Microglia(CD45)","Brain","SRP079058","Tumor","8","H2",1
"61","SRR3935840","RNA-Seq","128","337232729","PRJNA330719","SAMN05423260","127732259","Immune cell","GEO","public","fastq,sra","s3","s3.us-east-1","glioblastoma","SRX1965132","GSM2244936","NextSeq 500","PAIRED","cDNA","TRANSCRIPTOMIC","Regular","Homo sapiens","BT_S1","1001000033","ILLUMINA","2017-11-02T00:00:00Z","GSM2244936","Microglia(CD45)","Brain","SRP079058","Tumor","8","G1",1
"62","SRR3935841","RNA-Seq","128","251126967","PRJNA330719","SAMN05423261","94755959","Immune cell","GEO","public","sra,fastq","s3","s3.us-east-1","glioblastoma","SRX1965133","GSM2244937","NextSeq 500","PAIRED","cDNA","TRANSCRIPTOMIC","Regular","Homo sapiens","BT_S1","1001000033","ILLUMINA","2017-11-02T00:00:00Z","GSM2244937","Microglia(CD45)","Brain","SRP079058","Tumor","8","G9",1
"63","SRR3935842","RNA-Seq","128","417378056","PRJNA330719","SAMN05423262","159201735","Immune cell","GEO","public","sra,fastq","s3","s3.us-east-1","glioblastoma","SRX1965134","GSM2244938","NextSeq 500","PAIRED","cDNA","TRANSCRIPTOMIC","Regular","Homo sapiens","BT_S1","1001000033","ILLUMINA","2017-11-02T00:00:00Z","GSM2244938","Microglia(CD45)","Brain","SRP079058","Tumor","8","B2",1
"64","SRR3935843","RNA-Seq","128","312857787","PRJNA330719","SAMN05423264","118043496","Immune cell","GEO","public","sra,fastq","s3","s3.us-east-1","glioblastoma","SRX1965135","GSM2244939","NextSeq 500","PAIRED","cDNA","TRANSCRIPTOMIC","Regular","Homo sapiens","BT_S1","1001000033","ILLUMINA","2017-11-02T00:00:00Z","GSM2244939","Microglia(CD45)","Brain","SRP079058","Tumor","8","F9",2
"65","SRR3935844","RNA-Seq","128","312991210","PRJNA330719","SAMN05423266","119448219","Immune cell","GEO","public","fastq,sra","s3","s3.us-east-1","glioblastoma","SRX1965136","GSM2244940","NextSeq 500","PAIRED","cDNA","TRANSCRIPTOMIC","Regular","Homo sapiens","BT_S1","1001000033","ILLUMINA","2017-11-02T00:00:00Z","GSM2244940","Microglia(CD45)","Brain","SRP079058","Tumor","8","F10",1
"66","SRR3935845","RNA-Seq","128","362877336","PRJNA330719","SAMN05423268","136980438","Immune cell","GEO","public","fastq,sra","s3","s3.us-east-1","glioblastoma","SRX1965137","GSM2244941","NextSeq 500","PAIRED","cDNA","TRANSCRIPTOMIC","Regular","Homo sapiens","BT_S1","1001000033","ILLUMINA","2017-11-02T00:00:00Z","GSM2244941","Microglia(CD45)","Brain","SRP079058","Tumor","8","H10",2
"67","SRR3935846","RNA-Seq","128","313328674","PRJNA330719","SAMN05423270","117807872","Immune cell","GEO","public","fastq,sra","s3","s3.us-east-1","glioblastoma","SRX1965138","GSM2244942","NextSeq 500","PAIRED","cDNA","TRANSCRIPTOMIC","Regular","Homo sapiens","BT_S1","1001000033","ILLUMINA","2017-11-02T00:00:00Z","GSM2244942","Microglia(CD45)","Brain","SRP079058","Tumor","8","G12",2
"68","SRR3935848","RNA-Seq","127","243266766","PRJNA330719","SAMN05423273","92159711","Immune cell","GEO","public","sra,fastq","s3","s3.us-east-1","glioblastoma","SRX1965140","GSM2244944","NextSeq 500","PAIRED","cDNA","TRANSCRIPTOMIC","Regular","Homo sapiens","BT_S1","1001000033","ILLUMINA","2017-11-02T00:00:00Z","GSM2244944","Microglia(CD45)","Brain","SRP079058","Tumor","8","A12",2
"69","SRR3935849","RNA-Seq","128","316344975","PRJNA330719","SAMN05423275","118384333","Immune cell","GEO","public","sra,fastq","s3","s3.us-east-1","glioblastoma","SRX1965141","GSM2244945","NextSeq 500","PAIRED","cDNA","TRANSCRIPTOMIC","Regular","Homo sapiens","BT_S1","1001000033","ILLUMINA","2017-11-02T00:00:00Z","GSM2244945","Microglia(CD45)","Brain","SRP079058","Tumor","8","H3",1
"70","SRR3935850","RNA-Seq","128","275853105","PRJNA330719","SAMN05423277","104570158","Immune cell","GEO","public","fastq,sra","s3","s3.us-east-1","glioblastoma","SRX1965142","GSM2244946","NextSeq 500","PAIRED","cDNA","TRANSCRIPTOMIC","Regular","Homo sapiens","BT_S1","1001000033","ILLUMINA","2017-11-02T00:00:00Z","GSM2244946","Microglia(CD45)","Brain","SRP079058","Tumor","8","D6",2
"71","SRR3935851","RNA-Seq","128","293879097","PRJNA330719","SAMN05423279","111835395","Immune cell","GEO","public","sra,fastq","s3","s3.us-east-1","glioblastoma","SRX1965143","GSM2244947","NextSeq 500","PAIRED","cDNA","TRANSCRIPTOMIC","Regular","Homo sapiens","BT_S1","1001000033","ILLUMINA","2017-11-02T00:00:00Z","GSM2244947","Microglia(CD45)","Brain","SRP079058","Tumor","8","H7",2
"72","SRR3935852","RNA-Seq","128","307371031","PRJNA330719","SAMN05423281","117048267","Immune cell","GEO","public","fastq,sra","s3","s3.us-east-1","glioblastoma","SRX1965144","GSM2244948","NextSeq 500","PAIRED","cDNA","TRANSCRIPTOMIC","Regular","Homo sapiens","BT_S1","1001000033","ILLUMINA","2017-11-02T00:00:00Z","GSM2244948","Microglia(CD45)","Brain","SRP079058","Tumor","8","E9",2
"73","SRR3935853","RNA-Seq","128","250355734","PRJNA330719","SAMN05423283","95597091","Immune cell","GEO","public","fastq,sra","s3","s3.us-east-1","glioblastoma","SRX1965145","GSM2244949","NextSeq 500","PAIRED","cDNA","TRANSCRIPTOMIC","Regular","Homo sapiens","BT_S1","1001000033","ILLUMINA","2017-11-02T00:00:00Z","GSM2244949","Microglia(CD45)","Brain","SRP079058","Tumor","8","H5",1
"74","SRR3935854","RNA-Seq","128","256908734","PRJNA330719","SAMN05423285","97206128","Immune cell","GEO","public","fastq,sra","s3","s3.us-east-1","glioblastoma","SRX1965146","GSM2244950","NextSeq 500","PAIRED","cDNA","TRANSCRIPTOMIC","Regular","Homo sapiens","BT_S1","1001000033","ILLUMINA","2017-11-02T00:00:00Z","GSM2244950","Microglia(CD45)","Brain","SRP079058","Tumor","8","H4",1
"75","SRR3935855","RNA-Seq","128","420882639","PRJNA330719","SAMN05423287","159285945","Immune cell","GEO","public","sra,fastq","s3","s3.us-east-1","glioblastoma","SRX1965147","GSM2244951","NextSeq 500","PAIRED","cDNA","TRANSCRIPTOMIC","Regular","Homo sapiens","BT_S1","1001000033","ILLUMINA","2017-11-02T00:00:00Z","GSM2244951","Microglia(CD45)","Brain","SRP079058","Tumor","8","A3",2
"76","SRR3935856","RNA-Seq","128","319481174","PRJNA330719","SAMN05423289","119710726","Immune cell","GEO","public","sra,fastq","s3","s3.us-east-1","glioblastoma","SRX1965148","GSM2244952","NextSeq 500","PAIRED","cDNA","TRANSCRIPTOMIC","Regular","Homo sapiens","BT_S1","1001000033","ILLUMINA","2017-11-02T00:00:00Z","GSM2244952","Microglia(CD45)","Brain","SRP079058","Tumor","8","A1",1
"77","SRR3935857","RNA-Seq","128","257392658","PRJNA330719","SAMN05423291","97663670","Immune cell","GEO","public","fastq,sra","s3","s3.us-east-1","glioblastoma","SRX1965149","GSM2244953","NextSeq 500","PAIRED","cDNA","TRANSCRIPTOMIC","Regular","Homo sapiens","BT_S1","1001000033","ILLUMINA","2017-11-02T00:00:00Z","GSM2244953","Microglia(CD45)","Brain","SRP079058","Tumor","8","B6",1
"78","SRR3935858","RNA-Seq","128","281651846","PRJNA330719","SAMN05423293","106860168","Immune cell","GEO","public","sra,fastq","s3","s3.us-east-1","glioblastoma","SRX1965150","GSM2244954","NextSeq 500","PAIRED","cDNA","TRANSCRIPTOMIC","Regular","Homo sapiens","BT_S1","1001000033","ILLUMINA","2017-11-02T00:00:00Z","GSM2244954","Microglia(CD45)","Brain","SRP079058","Tumor","8","G6",1
"79","SRR3935859","RNA-Seq","128","365848316","PRJNA330719","SAMN05423298","138729437","Immune cell","GEO","public","fastq,sra","s3","s3.us-east-1","glioblastoma","SRX1965151","GSM2244955","NextSeq 500","PAIRED","cDNA","TRANSCRIPTOMIC","Regular","Homo sapiens","BT_S1","1001000033","ILLUMINA","2017-11-02T00:00:00Z","GSM2244955","Microglia(CD45)","Brain","SRP079058","Tumor","7","D2",1
"80","SRR3935860","RNA-Seq","128","298075269","PRJNA330719","SAMN05423299","112651505","Immune cell","GEO","public","sra,fastq","s3","s3.us-east-1","glioblastoma","SRX1965152","GSM2244956","NextSeq 500","PAIRED","cDNA","TRANSCRIPTOMIC","Regular","Homo sapiens","BT_S1","1001000033","ILLUMINA","2017-11-02T00:00:00Z","GSM2244956","Microglia(CD45)","Brain","SRP079058","Tumor","8","E11",2
"81","SRR3935861","RNA-Seq","128","319446791","PRJNA330719","SAMN05423301","120322418","Immune cell","GEO","public","sra,fastq","s3","s3.us-east-1","glioblastoma","SRX1965153","GSM2244957","NextSeq 500","PAIRED","cDNA","TRANSCRIPTOMIC","Regular","Homo sapiens","BT_S1","1001000033","ILLUMINA","2017-11-02T00:00:00Z","GSM2244957","Microglia(CD45)","Brain","SRP079058","Tumor","8","E7",1
"82","SRR3935862","RNA-Seq","127","388179048","PRJNA330719","SAMN05423303","147743422","Immune cell","GEO","public","fastq,sra","s3","s3.us-east-1","glioblastoma","SRX1965154","GSM2244958","NextSeq 500","PAIRED","cDNA","TRANSCRIPTOMIC","Regular","Homo sapiens","BT_S1","1001000033","ILLUMINA","2017-11-02T00:00:00Z","GSM2244958","Microglia(CD45)","Brain","SRP079058","Tumor","8","B1",2
"83","SRR3935863","RNA-Seq","128","330019950","PRJNA330719","SAMN05423305","124912772","Immune cell","GEO","public","fastq,sra","s3","s3.us-east-1","glioblastoma","SRX1965155","GSM2244959","NextSeq 500","PAIRED","cDNA","TRANSCRIPTOMIC","Regular","Homo sapiens","BT_S1","1001000033","ILLUMINA","2017-11-02T00:00:00Z","GSM2244959","Microglia(CD45)","Brain","SRP079058","Tumor","8","E1",1
"84","SRR3935864","RNA-Seq","128","231235691","PRJNA330719","SAMN05424297","86875206","Immune cell","GEO","public","fastq,sra","s3","s3.us-east-1","glioblastoma","SRX1965156","GSM2244960","NextSeq 500","PAIRED","cDNA","TRANSCRIPTOMIC","Regular","Homo sapiens","BT_S1","1001000033","ILLUMINA","2017-11-02T00:00:00Z","GSM2244960","Microglia(CD45)","Brain","SRP079058","Tumor","7","G10",3
"85","SRR3935865","RNA-Seq","128","288253531","PRJNA330719","SAMN05423295","110838740","Immune cell","GEO","public","fastq,sra","s3","s3.us-east-1","glioblastoma","SRX1965157","GSM2244961","NextSeq 500","PAIRED","cDNA","TRANSCRIPTOMIC","Regular","Homo sapiens","BT_S1","1001000033","ILLUMINA","2017-11-02T00:00:00Z","GSM2244961","Microglia(CD45)","Brain","SRP079058","Tumor","8","B9",1
"86","SRR3935866","RNA-Seq","128","267706691","PRJNA330719","SAMN05424298","101745982","Immune cell","GEO","public","fastq,sra","s3","s3.us-east-1","glioblastoma","SRX1965158","GSM2244962","NextSeq 500","PAIRED","cDNA","TRANSCRIPTOMIC","Regular","Homo sapiens","BT_S1","1001000033","ILLUMINA","2017-11-02T00:00:00Z","GSM2244962","Microglia(CD45)","Brain","SRP079058","Tumor","8","G8",1
"87","SRR3935867","RNA-Seq","128","339067064","PRJNA330719","SAMN05424300","128967890","Immune cell","GEO","public","fastq,sra","s3","s3.us-east-1","glioblastoma","SRX1965159","GSM2244963","NextSeq 500","PAIRED","cDNA","TRANSCRIPTOMIC","Regular","Homo sapiens","BT_S1","1001000033","ILLUMINA","2017-11-02T00:00:00Z","GSM2244963","Microglia(CD45)","Brain","SRP079058","Tumor","8","G2",1
"88","SRR3935868","RNA-Seq","128","351103077","PRJNA330719","SAMN05424301","132662472","Immune cell","GEO","public","sra,fastq","s3","s3.us-east-1","glioblastoma","SRX1965160","GSM2244964","NextSeq 500","PAIRED","cDNA","TRANSCRIPTOMIC","Regular","Homo sapiens","BT_S1","1001000033","ILLUMINA","2017-11-02T00:00:00Z","GSM2244964","Microglia(CD45)","Brain","SRP079058","Tumor","8","G3",1
"89","SRR3935869","RNA-Seq","128","337271810","PRJNA330719","SAMN05424303","128388413","Immune cell","GEO","public","sra,fastq","s3","s3.us-east-1","glioblastoma","SRX1965161","GSM2244965","NextSeq 500","PAIRED","cDNA","TRANSCRIPTOMIC","Regular","Homo sapiens","BT_S1","1001000033","ILLUMINA","2017-11-02T00:00:00Z","GSM2244965","Microglia(CD45)","Brain","SRP079058","Tumor","8","G4",2
"90","SRR3935870","RNA-Seq","128","303357542","PRJNA330719","SAMN05424305","115963854","Immune cell","GEO","public","fastq,sra","s3","s3.us-east-1","glioblastoma","SRX1965162","GSM2244966","NextSeq 500","PAIRED","cDNA","TRANSCRIPTOMIC","Regular","Homo sapiens","BT_S1","1001000033","ILLUMINA","2017-11-02T00:00:00Z","GSM2244966","Microglia(CD45)","Brain","SRP079058","Tumor","8","C2",1
"91","SRR3935871","RNA-Seq","128","330264687","PRJNA330719","SAMN05424308","124823748","Immune cell","GEO","public","sra,fastq","s3","s3.us-east-1","glioblastoma","SRX1965163","GSM2244967","NextSeq 500","PAIRED","cDNA","TRANSCRIPTOMIC","Regular","Homo sapiens","BT_S1","1001000033","ILLUMINA","2017-11-02T00:00:00Z","GSM2244967","Microglia(CD45)","Brain","SRP079058","Tumor","8","D3",1
"92","SRR3935872","RNA-Seq","128","382968909","PRJNA330719","SAMN05424310","147228524","Immune cell","GEO","public","sra,fastq","s3","s3.us-east-1","glioblastoma","SRX1965164","GSM2244968","NextSeq 500","PAIRED","cDNA","TRANSCRIPTOMIC","Regular","Homo sapiens","BT_S1","1001000033","ILLUMINA","2017-11-02T00:00:00Z","GSM2244968","Microglia(CD45)","Brain","SRP079058","Tumor","8","F4",2
"93","SRR3935873","RNA-Seq","128","352430841","PRJNA330719","SAMN05424312","133765551","Immune cell","GEO","public","fastq,sra","s3","s3.us-east-1","glioblastoma","SRX1965165","GSM2244969","NextSeq 500","PAIRED","cDNA","TRANSCRIPTOMIC","Regular","Homo sapiens","BT_S1","1001000033","ILLUMINA","2017-11-02T00:00:00Z","GSM2244969","Microglia(CD45)","Brain","SRP079058","Tumor","8","B7",2
"94","SRR3935874","RNA-Seq","128","256749792","PRJNA330719","SAMN05424314","98350373","Immune cell","GEO","public","sra,fastq","s3","s3.us-east-1","glioblastoma","SRX1965166","GSM2244970","NextSeq 500","PAIRED","cDNA","TRANSCRIPTOMIC","Regular","Homo sapiens","BT_S1","1001000033","ILLUMINA","2017-11-02T00:00:00Z","GSM2244970","Microglia(CD45)","Brain","SRP079058","Tumor","8","C3",3
"95","SRR3935875","RNA-Seq","128","270298772","PRJNA330719","SAMN05424316","103332373","Immune cell","GEO","public","sra,fastq","s3","s3.us-east-1","glioblastoma","SRX1965167","GSM2244971","NextSeq 500","PAIRED","cDNA","TRANSCRIPTOMIC","Regular","Homo sapiens","BT_S1","1001000033","ILLUMINA","2017-11-02T00:00:00Z","GSM2244971","Microglia(CD45)","Brain","SRP079058","Tumor","8","C4",3
"96","SRR3935876","RNA-Seq","128","347516506","PRJNA330719","SAMN05424318","132116729","Immune cell","GEO","public","fastq,sra","s3","s3.us-east-1","glioblastoma","SRX1965168","GSM2244972","NextSeq 500","PAIRED","cDNA","TRANSCRIPTOMIC","Regular","Homo sapiens","BT_S1","1001000033","ILLUMINA","2017-11-02T00:00:00Z","GSM2244972","Microglia(CD45)","Brain","SRP079058","Tumor","8","A10",2
"97","SRR3935877","RNA-Seq","128","310764711","PRJNA330719","SAMN05424320","118127574","Immune cell","GEO","public","sra,fastq","s3","s3.us-east-1","glioblastoma","SRX1965169","GSM2244973","NextSeq 500","PAIRED","cDNA","TRANSCRIPTOMIC","Regular","Homo sapiens","BT_S1","1001000033","ILLUMINA","2017-11-02T00:00:00Z","GSM2244973","Microglia(CD45)","Brain","SRP079058","Tumor","8","E12",1
"98","SRR3935878","RNA-Seq","128","280625431","PRJNA330719","SAMN05424322","105874758","Immune cell","GEO","public","sra,fastq","s3","s3.us-east-1","glioblastoma","SRX1965170","GSM2244974","NextSeq 500","PAIRED","cDNA","TRANSCRIPTOMIC","Regular","Homo sapiens","BT_S1","1001000033","ILLUMINA","2017-11-02T00:00:00Z","GSM2244974","Microglia(CD45)","Brain","SRP079058","Tumor","7","H6",1
"99","SRR3935879","RNA-Seq","128","264798280","PRJNA330719","SAMN05424324","100049270","Immune cell","GEO","public","sra,fastq","s3","s3.us-east-1","glioblastoma","SRX1965171","GSM2244975","NextSeq 500","PAIRED","cDNA","TRANSCRIPTOMIC","Regular","Homo sapiens","BT_S1","1001000033","ILLUMINA","2017-11-02T00:00:00Z","GSM2244975","Microglia(CD45)","Brain","SRP079058","Tumor","8","H9",2
"100","SRR3935880","RNA-Seq","128","303304694","PRJNA330719","SAMN05424326","116335440","Immune cell","GEO","public","fastq,sra","s3","s3.us-east-1","glioblastoma","SRX1965172","GSM2244976","NextSeq 500","PAIRED","cDNA","TRANSCRIPTOMIC","Regular","Homo sapiens","BT_S1","1001000033","ILLUMINA","2017-11-02T00:00:00Z","GSM2244976","Microglia(CD45)","Brain","SRP079058","Tumor","8","F1",2
"101","SRR3935881","RNA-Seq","128","300671646","PRJNA330719","SAMN05424328","114126455","Immune cell","GEO","public","fastq,sra","s3","s3.us-east-1","glioblastoma","SRX1965173","GSM2244977","NextSeq 500","PAIRED","cDNA","TRANSCRIPTOMIC","Regular","Homo sapiens","BT_S1","1001000033","ILLUMINA","2017-11-02T00:00:00Z","GSM2244977","Microglia(CD45)","Brain","SRP079058","Tumor","8","C9",2
"102","SRR3935882","RNA-Seq","128","318032770","PRJNA330719","SAMN05424330","121919262","Immune cell","GEO","public","fastq,sra","s3","s3.us-east-1","glioblastoma","SRX1965174","GSM2244978","NextSeq 500","PAIRED","cDNA","TRANSCRIPTOMIC","Regular","Homo sapiens","BT_S1","1001000033","ILLUMINA","2017-11-02T00:00:00Z","GSM2244978","Microglia(CD45)","Brain","SRP079058","Tumor","8","F2",2
"103","SRR3935883","RNA-Seq","127","370168120","PRJNA330719","SAMN05424332","141506708","Immune cell","GEO","public","sra,fastq","s3","s3.us-east-1","glioblastoma","SRX1965175","GSM2244979","NextSeq 500","PAIRED","cDNA","TRANSCRIPTOMIC","Regular","Homo sapiens","BT_S1","1001000033","ILLUMINA","2017-11-02T00:00:00Z","GSM2244979","Microglia(CD45)","Brain","SRP079058","Tumor","8","C1",2
"104","SRR3935884","RNA-Seq","128","236480139","PRJNA330719","SAMN05424335","88988264","Immune cell","GEO","public","fastq,sra","s3","s3.us-east-1","glioblastoma","SRX1965176","GSM2244980","NextSeq 500","PAIRED","cDNA","TRANSCRIPTOMIC","Regular","Homo sapiens","BT_S1","1001000033","ILLUMINA","2017-11-02T00:00:00Z","GSM2244980","Microglia(CD45)","Brain","SRP079058","Tumor","8","H8",1
"105","SRR3935885","RNA-Seq","128","376385495","PRJNA330719","SAMN05424336","143235977","Immune cell","GEO","public","fastq,sra","s3","s3.us-east-1","glioblastoma","SRX1965177","GSM2244981","NextSeq 500","PAIRED","cDNA","TRANSCRIPTOMIC","Regular","Homo sapiens","BT_S1","1001000033","ILLUMINA","2017-11-02T00:00:00Z","GSM2244981","Microglia(CD45)","Brain","SRP079058","Tumor","8","A2",1
"106","SRR3935886","RNA-Seq","128","266137883","PRJNA330719","SAMN05424338","101713214","Immune cell","GEO","public","fastq,sra","s3","s3.us-east-1","glioblastoma","SRX1965178","GSM2244982","NextSeq 500","PAIRED","cDNA","TRANSCRIPTOMIC","Regular","Homo sapiens","BT_S1","1001000033","ILLUMINA","2017-11-02T00:00:00Z","GSM2244982","Microglia(CD45)","Brain","SRP079058","Tumor","8","G7",2
"107","SRR3935887","RNA-Seq","128","378055267","PRJNA330719","SAMN05424340","143925957","Immune cell","GEO","public","sra,fastq","s3","s3.us-east-1","glioblastoma","SRX1965179","GSM2244983","NextSeq 500","PAIRED","cDNA","TRANSCRIPTOMIC","Regular","Homo sapiens","BT_S1","1001000033","ILLUMINA","2017-11-02T00:00:00Z","GSM2244983","Microglia(CD45)","Brain","SRP079058","Tumor","8","D1",1
"108","SRR3935888","RNA-Seq","128","366200915","PRJNA330719","SAMN05424342","138291451","Immune cell","GEO","public","sra,fastq","s3","s3.us-east-1","glioblastoma","SRX1965180","GSM2244984","NextSeq 500","PAIRED","cDNA","TRANSCRIPTOMIC","Regular","Homo sapiens","BT_S1","1001000033","ILLUMINA","2017-11-02T00:00:00Z","GSM2244984","Microglia(CD45)","Brain","SRP079058","Tumor","8","H1",1
"109","SRR3935889","RNA-Seq","128","369452142","PRJNA330719","SAMN05424344","138360737","Immune cell","GEO","public","fastq,sra","s3","s3.us-east-1","glioblastoma","SRX1965181","GSM2244985","NextSeq 500","PAIRED","cDNA","TRANSCRIPTOMIC","Regular","Homo sapiens","BT_S1","1001000033","ILLUMINA","2017-11-02T00:00:00Z","GSM2244985","Microglia(CD45)","Brain","SRP079058","Tumor","8","E3",2
"110","SRR3935890","RNA-Seq","128","272833739","PRJNA330719","SAMN05424346","103681864","Immune cell","GEO","public","sra,fastq","s3","s3.us-east-1","glioblastoma","SRX1965182","GSM2244986","NextSeq 500","PAIRED","cDNA","TRANSCRIPTOMIC","Regular","Homo sapiens","BT_S1","1001000033","ILLUMINA","2017-11-02T00:00:00Z","GSM2244986","Microglia(CD45)","Brain","SRP079058","Tumor","8","C8",2
"111","SRR3935891","RNA-Seq","128","317201788","PRJNA330719","SAMN05424348","120865562","Immune cell","GEO","public","sra,fastq","s3","s3.us-east-1","glioblastoma","SRX1965183","GSM2244987","NextSeq 500","PAIRED","cDNA","TRANSCRIPTOMIC","Regular","Homo sapiens","BT_S1","1001000033","ILLUMINA","2017-11-02T00:00:00Z","GSM2244987","Microglia(CD45)","Brain","SRP079058","Tumor","8","D4",1
"112","SRR3935892","RNA-Seq","128","304505077","PRJNA330719","SAMN05424350","115048743","Immune cell","GEO","public","fastq,sra","s3","s3.us-east-1","glioblastoma","SRX1965184","GSM2244988","NextSeq 500","PAIRED","cDNA","TRANSCRIPTOMIC","Regular","Homo sapiens","BT_S1","1001000033","ILLUMINA","2017-11-02T00:00:00Z","GSM2244988","Microglia(CD45)","Brain","SRP079058","Tumor","8","G5",1
"113","SRR3935893","RNA-Seq","128","291930242","PRJNA330719","SAMN05424352","111566149","Immune cell","GEO","public","fastq,sra","s3","s3.us-east-1","glioblastoma","SRX1965185","GSM2244989","NextSeq 500","PAIRED","cDNA","TRANSCRIPTOMIC","Regular","Homo sapiens","BT_S1","1001000033","ILLUMINA","2017-11-02T00:00:00Z","GSM2244989","Microglia(CD45)","Brain","SRP079058","Tumor","8","A9",2
"114","SRR3935894","RNA-Seq","128","300775019","PRJNA330719","SAMN05424355","112972220","Immune cell","GEO","public","fastq,sra","s3","s3.us-east-1","glioblastoma","SRX1965186","GSM2244990","NextSeq 500","PAIRED","cDNA","TRANSCRIPTOMIC","Regular","Homo sapiens","BT_S1","1001000033","ILLUMINA","2017-11-02T00:00:00Z","GSM2244990","Microglia(CD45)","Brain","SRP079058","Tumor","8","D10",2
"115","SRR3935895","RNA-Seq","128","267874782","PRJNA330719","SAMN05424227","101067698","Immune cell","GEO","public","sra,fastq","s3","s3.us-east-1","glioblastoma","SRX1965187","GSM2244991","NextSeq 500","PAIRED","cDNA","TRANSCRIPTOMIC","Regular","Homo sapiens","BT_S1","1001000033","ILLUMINA","2017-11-02T00:00:00Z","GSM2244991","Microglia(CD45)","Brain","SRP079058","Tumor","8","B4",2
"116","SRR3935908","RNA-Seq","128","297982175","PRJNA330719","SAMN05424240","115511437","Immune cell","GEO","public","sra,fastq","s3","s3.us-east-1","glioblastoma","SRX1965200","GSM2245004","NextSeq 500","PAIRED","cDNA","TRANSCRIPTOMIC","Regular","Homo sapiens","BT_S1","1001000036","ILLUMINA","2017-11-02T00:00:00Z","GSM2245004","Oligodendrocytes(GC)","Brain","SRP079058","Tumor","8","E2",1
"117","SRR3935909","RNA-Seq","128","284824832","PRJNA330719","SAMN05424241","109698705","Immune cell","GEO","public","sra,fastq","s3","s3.us-east-1","glioblastoma","SRX1965201","GSM2245005","NextSeq 500","PAIRED","cDNA","TRANSCRIPTOMIC","Regular","Homo sapiens","BT_S1","1001000036","ILLUMINA","2017-11-02T00:00:00Z","GSM2245005","Oligodendrocytes(GC)","Brain","SRP079058","Tumor","7","H5",2
"118","SRR3935912","RNA-Seq","128","291492442","PRJNA330719","SAMN05424244","111710424","Immune cell","GEO","public","fastq,sra","s3","s3.us-east-1","glioblastoma","SRX1965204","GSM2245008","NextSeq 500","PAIRED","cDNA","TRANSCRIPTOMIC","Regular","Homo sapiens","BT_S1","1001000036","ILLUMINA","2017-11-02T00:00:00Z","GSM2245008","Oligodendrocytes(GC)","Brain","SRP079058","Tumor","7","A11",3
"119","SRR3935913","RNA-Seq","128","305074895","PRJNA330719","SAMN05424245","117914102","Immune cell","GEO","public","sra,fastq","s3","s3.us-east-1","glioblastoma","SRX1965205","GSM2245009","NextSeq 500","PAIRED","cDNA","TRANSCRIPTOMIC","Regular","Homo sapiens","BT_S1","1001000036","ILLUMINA","2017-11-02T00:00:00Z","GSM2245009","Oligodendrocytes(GC)","Brain","SRP079058","Tumor","8","D10",2
"120","SRR3935919","RNA-Seq","128","296811253","PRJNA330719","SAMN05424251","113751094","Immune cell","GEO","public","fastq,sra","s3","s3.us-east-1","glioblastoma","SRX1965211","GSM2245015","NextSeq 500","PAIRED","cDNA","TRANSCRIPTOMIC","Regular","Homo sapiens","BT_S1","1001000036","ILLUMINA","2017-11-02T00:00:00Z","GSM2245015","Oligodendrocytes(GC)","Brain","SRP079058","Tumor","8","E11",1
"121","SRR3935921","RNA-Seq","128","301222675","PRJNA330719","SAMN05424253","116502183","Immune cell","GEO","public","fastq,sra","s3","s3.us-east-1","glioblastoma","SRX1965213","GSM2245017","NextSeq 500","PAIRED","cDNA","TRANSCRIPTOMIC","Regular","Homo sapiens","BT_S1","1001000036","ILLUMINA","2017-11-02T00:00:00Z","GSM2245017","Oligodendrocytes(GC)","Brain","SRP079058","Tumor","8","D2",1
"122","SRR3935923","RNA-Seq","128","292983754","PRJNA330719","SAMN05424255","112228991","Immune cell","GEO","public","sra,fastq","s3","s3.us-east-1","glioblastoma","SRX1965215","GSM2245019","NextSeq 500","PAIRED","cDNA","TRANSCRIPTOMIC","Regular","Homo sapiens","BT_S1","1001000036","ILLUMINA","2017-11-02T00:00:00Z","GSM2245019","Oligodendrocytes(GC)","Brain","SRP079058","Tumor","8","A8",1
"123","SRR3935935","RNA-Seq","128","246731453","PRJNA330719","SAMN05424267","93972767","Immune cell","GEO","public","fastq,sra","s3","s3.us-east-1","glioblastoma","SRX1965227","GSM2245031","NextSeq 500","PAIRED","cDNA","TRANSCRIPTOMIC","Regular","Homo sapiens","BT_S1","1001000037","ILLUMINA","2017-11-02T00:00:00Z","GSM2245031","Astrocytes(HEPACAM)","Brain","SRP079058","Tumor","8","C6",2
